Rk,Player,Tm,Age,Pos,G,GS,Tgt,Rec,Ctch%,Yds,Y/R,TD,1D,Lng,Y/Tgt,R/G,Y/G,Fmb,Player-additional
1,Justin Jefferson*,MIN,23,WR,14,14,158,111,70.3%,1623,14.6,7,69,64,10.3,7.9,115.9,0,JeffJu00
2,Tyreek Hill*,MIA,28,WR,14,14,152,109,71.7%,1529,14.0,7,68,64,10.1,7.8,109.2,1,HillTy00
3,Stefon Diggs*,BUF,29,WR,14,14,142,99,69.7%,1299,13.1,10,66,53,9.1,7.1,92.8,1,DiggSt00
4,Austin Ekeler,LAC,27,RB,14,14,115,95,82.6%,635,6.7,5,32,23,5.5,6.8,45.4,4,EkelAu00
5,Travis Kelce*,KAN,33,TE,14,14,127,91,71.7%,1144,12.6,12,68,46,9.0,6.5,81.7,1,KelcTr00
6,Amon-Ra St. Brown,DET,23,WR,13,13,119,89,74.8%,974,10.9,6,57,49,8.2,6.8,74.9,0,StxxAm00
7,Davante Adams*,LVR,30,WR,14,14,151,86,57.0%,1275,14.8,12,55,58,8.4,6.1,91.1,1,AdamDa01
8,Michael Pittman Jr.,IND,25,WR,13,13,121,86,71.1%,815,9.5,2,44,28,6.7,6.6,62.7,2,PittMi01
9,Chris Godwin,TAM,26,WR,12,11,116,81,69.8%,785,9.7,3,41,44,6.8,6.8,65.4,0,GodwCh00
10,CeeDee Lamb*,DAL,23,WR,14,14,124,81,65.3%,1087,13.4,6,55,39,8.8,5.8,77.6,0,LambCe00
11,D.K. Metcalf,SEA,25,WR,14,14,119,79,66.4%,924,11.7,6,43,54,7.8,5.6,66.0,2,MetcDK00
12,Tyler Lockett,SEA,30,WR,14,14,108,78,72.2%,964,12.4,8,47,40,8.9,5.6,68.9,2,LockTy00
13,Diontae Johnson,PIT,26,WR,14,14,123,77,62.6%,745,9.7,0,39,37,6.1,5.5,53.2,1,JohnDi01
14,Christian Kirk,JAX,26,WR,15,15,122,76,62.3%,988,13.0,7,50,49,8.1,5.1,65.9,1,KirkCh01
15,Zay Jones,JAX,27,WR,14,13,110,75,68.2%,778,10.4,5,43,59,7.1,5.4,55.6,0,JoneZa00
16,Cooper Kupp,LAR,29,WR,9,9,98,75,76.5%,812,10.8,6,42,75,8.3,8.3,90.2,2,KuppCo00
17,A.J. Brown*,PHI,25,WR,14,13,118,74,62.7%,1201,16.2,10,48,68,10.2,5.3,85.8,2,BrowAJ00
18,Christian McCaffrey,2TM,26,RB,14,13,94,74,78.7%,623,8.4,4,31,49,6.6,5.3,44.5,1,McCaCh01
19,Ja'Marr Chase*,CIN,22,WR,10,10,110,71,64.5%,881,12.4,8,48,60,8.0,7.1,88.1,1,ChasJa00
20,DeVonta Smith,PHI,24,WR,14,14,103,71,68.9%,901,12.7,5,42,45,8.7,5.1,64.4,1,SmitDe07
21,JuJu Smith-Schuster,KAN,26,WR,13,12,92,71,77.2%,850,12.0,3,43,53,9.2,5.5,65.4,3,SmitJu00
22,Garrett Wilson,NYJ,22,WR,15,10,119,71,59.7%,996,14.0,4,50,60,8.4,4.7,66.4,2,WilsGa00
23,Evan Engram,JAX,28,TE,15,12,92,68,73.9%,723,10.6,4,30,36,7.9,4.5,48.2,0,EngrEv00
24,Terry McLaurin*,WAS,27,WR,14,14,104,68,65.4%,1015,14.9,3,48,49,9.8,4.9,72.5,1,McLaTe00
25,Amari Cooper,CLE,28,WR,14,14,115,67,58.3%,932,13.9,7,52,55,8.1,4.8,66.6,0,CoopAm00
26,Josh Palmer,LAC,24,WR,13,10,97,66,68.0%,714,10.8,3,36,50,7.4,5.1,54.9,1,PalmJo00
27,Adam Thielen,MIN,32,WR,14,14,95,66,69.5%,686,10.4,5,43,36,7.2,4.7,49.0,0,ThieAd00
28,Tee Higgins,CIN,23,WR,14,12,93,65,69.9%,894,13.8,6,42,59,9.6,4.6,63.9,0,HiggTe00
29,T.J. Hockenson*,2TM,25,TE,14,12,100,65,65.0%,730,11.2,4,34,81,7.3,4.6,52.1,1,HockTJ00
30,Mike Evans,TAM,29,WR,13,13,107,64,59.8%,888,13.9,3,45,51,8.3,4.9,68.3,0,EvanMi00
31,DeAndre Hopkins,ARI,30,WR,8,8,86,63,73.3%,713,11.3,3,35,33,8.3,7.9,89.1,2,HopkDe00
32,Chris Olave,NOR,22,WR,13,8,102,63,61.8%,940,14.9,3,44,53,9.2,4.8,72.3,1,OlavCh00
33,Jaylen Waddle,MIA,24,WR,14,14,101,62,61.4%,1117,18.0,7,52,67,11.1,4.4,79.8,1,WaddJa00
34,Mark Andrews*,BAL,27,TE,13,13,99,61,61.6%,702,11.5,5,40,25,7.1,4.7,54.0,1,AndrMa00
35,Brandon Aiyuk,SFO,24,WR,14,14,90,60,66.7%,774,12.9,7,34,34,8.6,4.3,55.3,1,AiyuBr00
36,Rhamondre Stevenson,NWE,24,RB,14,5,73,60,82.2%,381,6.4,1,13,40,5.2,4.3,27.2,1,StevRh00
37,Leonard Fournette,TAM,27,RB,13,9,68,59,86.8%,410,6.9,3,22,25,6.0,4.5,31.5,0,FourLe00
38,Marquise Brown,ARI,25,WR,9,9,88,57,64.8%,584,10.2,3,28,26,6.6,6.3,64.9,1,BrowMa04
39,Donovan Peoples-Jones,CLE,23,WR,14,12,84,57,67.9%,782,13.7,2,31,42,9.3,4.1,55.9,1,PeopDo00
40,Curtis Samuel,WAS,26,WR,14,10,84,57,67.9%,600,10.5,3,31,49,7.1,4.1,42.9,1,SamuCu00
41,Tyler Higbee,LAR,29,TE,14,14,86,56,65.1%,482,8.6,1,23,26,5.6,4.0,34.4,0,HigbTy00
42,Drake London,ATL,21,WR,14,12,92,54,58.7%,603,11.2,4,35,37,6.6,3.9,43.1,2,LondDr00
43,Deebo Samuel,SFO,26,WR,12,11,91,54,59.3%,612,11.3,2,24,57,6.7,4.5,51.0,3,SamuDe00
44,Pat Freiermuth,PIT,24,TE,13,7,82,53,64.6%,630,11.9,2,32,57,7.7,4.1,48.5,0,FreiPa00
45,Alvin Kamara,NOR,27,RB,12,11,70,53,75.7%,446,8.4,2,16,54,6.4,4.4,37.2,4,KamaAl00
46,Parris Campbell,IND,25,WR,14,13,71,52,73.2%,510,9.8,3,28,38,7.2,3.7,36.4,0,CampPa00
47,Gerald Everett,LAC,28,TE,13,9,79,52,65.8%,532,10.2,2,25,26,6.7,4.0,40.9,0,EverGe00
48,Aaron Jones,GNB,28,RB,14,14,63,52,82.5%,364,7.0,5,18,30,5.8,3.7,26.0,4,JoneAa00
49,Jakobi Meyers,NWE,26,WR,11,10,73,52,71.2%,640,12.3,3,29,39,8.8,4.7,58.2,2,MeyeJa01
50,Courtland Sutton,DEN,27,WR,12,12,89,52,58.4%,688,13.2,1,32,51,7.7,4.3,57.3,0,SuttCo00
51,Mack Hollins,LVR,29,WR,14,13,85,51,60.0%,628,12.3,4,30,60,7.4,3.6,44.9,0,HollMa00
52,D.J. Moore,CAR,25,WR,14,14,97,51,52.6%,678,13.3,5,34,62,7.0,3.6,48.4,0,MoorD.00
53,David Njoku,CLE,26,TE,11,11,67,51,76.1%,551,10.8,3,31,38,8.2,4.6,50.1,1,NjokDa00
54,Tyler Boyd,CIN,28,WR,14,12,71,50,70.4%,690,13.8,5,36,60,9.7,3.6,49.3,0,BoydTy00
55,Tyler Conklin,NYJ,27,TE,15,14,77,50,64.9%,459,9.2,3,20,29,6.0,3.3,30.6,2,ConkTy00
56,Jerry Jeudy,DEN,23,WR,12,11,76,49,64.5%,663,13.5,6,31,67,8.7,4.1,55.3,0,JeudJe00
57,Hayden Hurst,CIN,29,TE,12,12,63,48,76.2%,400,8.3,2,22,29,6.3,4.0,33.3,0,HursHa00
58,Joe Mixon,CIN,26,RB,12,12,61,48,78.7%,357,7.4,2,14,35,5.9,4.0,29.8,0,MixoJo00
59,Mike Williams,LAC,28,WR,10,10,74,48,64.9%,693,14.4,4,30,55,9.4,4.8,69.3,0,WillMi07
60,Saquon Barkley*,NYG,25,RB,14,14,62,47,75.8%,294,6.3,0,8,41,4.7,3.4,21.0,1,BarkSa00
61,Zach Ertz,ARI,32,TE,10,10,69,47,68.1%,406,8.6,4,24,32,5.9,4.7,40.6,0,ErtzZa00
62,Josh Jacobs*,LVR,24,RB,14,14,55,46,83.6%,363,7.9,0,14,43,6.6,3.3,25.9,3,JacoJo01
63,George Kittle*,SFO,29,TE,12,12,64,46,71.9%,593,12.9,6,26,54,9.3,3.8,49.4,1,KittGe00
64,Allen Lazard,GNB,27,WR,12,12,77,46,59.7%,627,13.6,5,36,47,8.1,3.8,52.3,0,LazaAl00
65,Jerick McKinnon,KAN,30,RB,14,0,59,46,78.0%,429,9.3,5,21,56,7.3,3.3,30.6,1,McKiJe00
66,Robert Tonyan,GNB,28,TE,14,3,58,46,79.3%,376,8.2,1,16,23,6.5,3.3,26.9,0,TonyRo00
67,K.J. Osborn,MIN,25,WR,14,9,73,45,61.6%,457,10.2,4,23,63,6.3,3.2,32.6,0,OsboKJ00
68,Chase Claypool,2TM,24,WR,13,11,72,44,61.1%,422,9.6,1,22,31,5.9,3.4,32.5,1,ClayCh01
69,Brandin Cooks,HOU,29,WR,10,10,71,44,62.0%,520,11.8,1,21,44,7.3,4.4,52.0,0,CookBr00
70,Antonio Gibson,WAS,24,RB,14,6,55,44,80.0%,332,7.5,2,16,26,6.0,3.1,23.7,1,GibsAn00
71,Demarcus Robinson,BAL,28,WR,14,4,62,44,71.0%,419,9.5,1,19,31,6.8,3.1,29.9,2,RobiDe01
72,Dallas Goedert,PHI,27,TE,9,9,53,43,81.1%,544,12.7,3,31,31,10.3,4.8,60.4,1,GoedDa00
73,Dawson Knox,BUF,26,TE,13,13,58,43,74.1%,466,10.8,4,22,45,8.0,3.3,35.8,0,KnoxDa00
74,Dalton Schultz,DAL,26,TE,12,12,66,43,65.2%,445,10.3,3,20,30,6.7,3.6,37.1,1,SchuDa00
75,Keenan Allen,LAC,30,WR,7,7,58,42,72.4%,486,11.6,2,25,46,8.4,6.0,69.4,1,AlleKe00
76,Gabriel Davis,BUF,23,WR,13,13,77,42,54.5%,752,17.9,6,31,98,9.8,3.2,57.8,0,DaviGa01
77,Noah Fant,SEA,25,TE,14,13,53,42,79.2%,414,9.9,3,21,51,7.8,3.0,29.6,0,FantNo00
78,Richie James,NYG,27,WR,14,4,52,42,80.8%,403,9.6,3,21,20,7.8,3.0,28.8,3,JameRi00
79,George Pickens,PIT,21,WR,14,9,69,42,60.9%,643,15.3,2,30,42,9.3,3.0,45.9,0,PickGe00
80,DeAndre Carter,LAC,29,WR,14,7,57,41,71.9%,481,11.7,3,27,35,8.4,2.9,34.4,1,CartDe02
81,Chris Moore,HOU,29,WR,13,4,59,41,69.5%,480,11.7,2,19,52,8.1,3.2,36.9,0,MoorCh00
82,Rondale Moore,ARI,22,WR,8,8,56,41,73.2%,414,10.1,1,16,38,7.4,5.1,51.8,0,MoorRo02
83,Rachaad White,TAM,23,RB,14,5,49,41,83.7%,247,6.0,1,11,20,5.0,2.9,17.6,3,WhitRa01
84,Noah Brown,DAL,26,WR,13,11,62,40,64.5%,533,13.3,3,24,51,8.6,3.1,41.0,1,BrowNo00
85,Russell Gage,TAM,26,WR,10,4,55,40,72.7%,313,7.8,4,22,20,5.7,4.0,31.3,1,GageRu00
86,Isaiah McKenzie,BUF,27,WR,13,7,60,40,66.7%,404,10.1,4,26,30,6.7,3.1,31.1,0,McKeIs00
87,Darnell Mooney,CHI,25,WR,12,12,61,40,65.6%,493,12.3,2,20,56,8.1,3.3,41.1,0,MoonDa00
88,Darius Slayton,NYG,25,WR,13,9,62,40,64.5%,631,15.8,2,26,55,10.2,3.1,48.5,1,SlayDa01
89,Robert Woods,TEN,30,WR,14,12,72,40,55.6%,418,10.5,1,25,41,5.8,2.9,29.9,1,WoodRo02
90,Cole Kmet,CHI,23,TE,14,14,55,39,70.9%,433,11.1,5,21,50,7.9,2.8,30.9,1,KmetCo00
91,Kalif Raymond,DET,28,WR,14,6,54,39,72.2%,454,11.6,0,19,43,8.4,2.8,32.4,3,RaymKa00
92,Ben Skowronek,LAR,25,WR,14,11,61,39,63.9%,376,9.6,0,16,32,6.2,2.8,26.9,0,SkowBe00
93,Marvin Jones,JAX,32,WR,14,9,68,38,55.9%,439,11.6,3,24,37,6.5,2.7,31.4,0,JoneMa02
94,Michael Carter,NYJ,23,RB,14,9,48,37,77.1%,284,7.7,0,12,37,5.9,2.6,20.3,2,CartMi03
95,Nico Collins,HOU,23,WR,10,7,66,37,56.1%,481,13.0,2,21,58,7.3,3.7,48.1,0,CollNi00
96,Devin Duvernay*,BAL,25,WR,14,13,49,37,75.5%,407,11.0,3,19,31,8.3,2.6,29.1,1,DuveDe00
97,Cade Otton,TAM,23,TE,13,8,51,37,72.5%,357,9.6,2,17,35,7.0,2.8,27.5,0,OttoCa00
98,Marquez Valdes-Scantling,KAN,28,WR,14,9,66,37,56.1%,632,17.1,2,29,57,9.6,2.6,45.1,0,ValdMa00
99,James Conner,ARI,27,RB,11,11,47,36,76.6%,228,6.3,1,8,21,4.9,3.3,20.7,3,ConnJa00
100,Romeo Doubs,GNB,22,WR,10,7,55,36,65.5%,369,10.3,3,16,26,6.7,3.6,36.9,2,DoubRo00
101,D'Andre Swift,DET,23,RB,11,7,54,36,66.7%,276,7.7,2,13,25,5.1,3.3,25.1,1,SwifDA00
102,Juwan Johnson,NOR,26,TE,13,9,55,35,63.6%,416,11.9,7,19,41,7.6,2.7,32.0,0,JohnJu02
103,Devin Singletary,BUF,25,RB,14,14,48,35,72.9%,258,7.4,1,14,22,5.4,2.5,18.4,2,SingDe00
104,Greg Dortch,ARI,24,WR,13,2,39,34,87.2%,324,9.5,2,15,47,8.3,2.6,24.9,1,DortGr01
105,Austin Hooper,TEN,28,TE,14,2,47,34,72.3%,380,11.2,2,23,24,8.1,2.4,27.1,0,HoopAu00
106,Elijah Moore,NYJ,22,WR,14,8,62,34,54.8%,417,12.3,1,20,42,6.7,2.4,29.8,0,MoorEl00
107,Samaje Perine,CIN,27,RB,14,2,46,34,73.9%,264,7.8,4,11,32,5.7,2.4,18.9,0,PeriSa00
108,Josh Reynolds,DET,27,WR,11,10,52,34,65.4%,427,12.6,3,23,31,8.2,3.1,38.8,0,ReynJo00
109,Dalvin Cook,MIN,27,RB,14,14,48,33,68.8%,265,8.0,2,15,64,5.5,2.4,18.9,3,CookDa01
110,Will Dissly,SEA,26,TE,14,14,37,33,89.2%,330,10.0,3,19,38,8.9,2.4,23.6,0,DissWi00
111,Tony Pollard*,DAL,25,RB,14,4,46,33,71.7%,310,9.4,3,14,68,6.7,2.4,22.1,0,PollTo00
112,Allen Robinson,LAR,29,WR,10,10,52,33,63.5%,339,10.3,3,23,29,6.5,3.3,33.9,0,RobiAl02
113,Najee Harris,PIT,24,RB,14,14,40,32,80.0%,165,5.2,2,12,14,4.1,2.3,11.8,2,HarrNa00
114,Alec Pierce,IND,22,WR,13,10,65,32,49.2%,510,15.9,2,23,47,7.8,2.5,39.2,1,PierAl00
115,Olamide Zaccheaus,ATL,25,WR,14,10,47,32,68.1%,478,14.9,2,22,45,10.2,2.3,34.1,1,ZaccOl01
116,Nelson Agholor,NWE,29,WR,13,6,51,31,60.8%,362,11.7,2,12,44,7.1,2.4,27.8,2,AghoNe00
117,Rex Burkhead,HOU,32,RB,13,0,42,31,73.8%,186,6.0,1,8,17,4.4,2.4,14.3,0,BurkRe00
118,Michael Gallup,DAL,26,WR,11,8,57,31,54.4%,339,10.9,3,18,27,5.9,2.8,30.8,0,GallMi00
119,Kylen Granson,IND,24,TE,13,4,40,31,77.5%,302,9.7,0,17,32,7.6,2.4,23.2,1,GranKy00
120,Travis Etienne,JAX,23,RB,15,10,40,30,75.0%,267,8.9,0,13,24,6.7,2.0,17.8,5,EtieTr00
121,Derrick Henry *,TEN,28,RB,14,14,38,30,78.9%,379,12.6,0,10,69,10.0,2.1,27.1,5,HenrDe00
122,Hunter Henry,NWE,28,TE,14,11,46,30,65.2%,415,13.8,2,19,39,9.0,2.1,29.6,0,HenrHu00
123,Jauan Jennings,SFO,25,WR,13,2,48,30,62.5%,339,11.3,1,21,44,7.1,2.3,26.1,1,JennJa00
124,Dameon Pierce,HOU,22,RB,13,13,39,30,76.9%,165,5.5,1,7,16,4.2,2.3,12.7,4,PierDa01
125,Quez Watkins,PHI,24,WR,14,7,41,30,73.2%,321,10.7,3,11,53,7.8,2.1,22.9,1,WatkQu00
126,Randall Cobb,GNB,32,WR,10,2,44,29,65.9%,381,13.1,1,18,40,8.7,2.9,38.1,1,CobbRa00
127,Greg Dulcich,DEN,22,TE,9,5,47,29,61.7%,372,12.8,1,16,39,7.9,3.2,41.3,0,DulcGr00
128,Nyheim Hines,2TM,26,RB,14,5,35,29,82.9%,232,8.0,1,10,22,6.6,2.1,16.6,1,HineNy00
129,Christian Watson,GNB,23,WR,11,8,47,29,61.7%,447,15.4,7,20,63,9.5,2.6,40.6,0,WatsCh00
130,Jordan Akins,HOU,30,TE,12,2,40,28,70.0%,348,12.4,3,17,46,8.7,2.3,29.0,1,AkinJo00
131,Corey Davis,NYJ,27,WR,11,8,55,28,50.9%,474,16.9,2,24,66,8.6,2.5,43.1,0,DaviCo03
132,Kareem Hunt,CLE,27,RB,14,0,36,28,77.8%,182,6.5,1,10,24,5.1,2.0,13.0,1,HuntKa00
133,David Montgomery,CHI,25,RB,13,13,33,28,84.8%,282,10.1,1,9,32,8.5,2.2,21.7,1,MontDa01
134,Kyle Pitts,ATL,22,TE,10,10,59,28,47.5%,356,12.7,2,20,33,6.0,2.8,35.6,0,PittKy00
135,Jonathan Taylor,IND,23,RB,11,11,40,28,70.0%,143,5.1,0,4,19,3.6,2.5,13.0,3,TaylJo02
136,Harrison Bryant,CLE,24,TE,14,6,37,27,73.0%,200,7.4,1,10,30,5.4,1.9,14.3,0,BryaHa00
137,Marquise Goodwin,SEA,32,WR,12,1,38,27,71.1%,387,14.3,4,18,38,10.2,2.3,32.3,0,GoodMa00
138,J.D. McKissic,WAS,29,RB,8,0,40,27,67.5%,173,6.4,0,7,14,4.3,3.4,21.6,0,McKiJ.00
139,Foster Moreau,LVR,25,TE,12,11,47,27,57.4%,336,12.4,2,19,33,7.1,2.3,28.0,1,MoreFo00
140,AJ Dillon,GNB,24,RB,14,3,36,26,72.2%,194,7.5,0,9,17,5.4,1.9,13.9,1,DillAJ00
141,Trent Sherfield,MIA,26,WR,14,3,43,26,60.5%,362,13.9,2,15,75,8.4,1.9,25.9,0,SherTr00
142,Daniel Bellinger,NYG,22,TE,10,9,30,25,83.3%,199,8.0,2,12,20,6.6,2.5,19.9,0,BellDa00
143,Treylon Burks,TEN,22,WR,8,4,37,25,67.6%,359,14.4,1,14,51,9.7,3.1,44.9,0,BurkTr00
144,Mike Gesicki,MIA,27,TE,14,1,40,25,62.5%,274,11.0,4,15,30,6.9,1.8,19.6,0,GesiMi00
145,Melvin Gordon,DEN,29,RB,10,6,32,25,78.1%,223,8.9,0,11,24,7.0,2.5,22.3,5,GordMe00
146,Noah Gray,KAN,23,TE,14,7,31,25,80.6%,265,10.6,1,13,27,8.5,1.8,18.9,0,GrayNo00
147,Mecole Hardman,KAN,24,WR,8,5,34,25,73.5%,297,11.9,4,14,36,8.7,3.1,37.1,1,HardMe00
148,Isaiah Hodgins,2TM,24,WR,8,4,31,25,80.6%,261,10.4,2,16,26,8.4,3.1,32.6,1,HodgIs00
149,Jarvis Landry,NOR,30,WR,9,3,39,25,64.1%,272,10.9,1,12,40,7.0,2.8,30.2,1,LandJa00
150,Chigoziem Okonkwo,TEN,23,TE,14,6,36,25,69.4%,374,15.0,2,17,48,10.4,1.8,26.7,0,OkonCh00
151,DeVante Parker,NWE,29,WR,12,10,40,25,62.5%,460,18.4,1,20,43,11.5,2.1,38.3,0,ParkDe01
152,Logan Thomas,WAS,31,TE,11,10,43,25,58.1%,216,8.6,1,10,27,5.0,2.3,19.6,0,ThomLo00
153,Eno Benjamin,2TM,23,,12,3,33,24,72.7%,184,7.7,0,10,22,5.6,2.0,15.3,0,BenjEn00
154,Kendrick Bourne,NWE,27,WR,13,2,32,24,75.0%,273,11.4,0,13,41,8.5,1.8,21.0,2,BourKe00
155,Kendall Hinton,DEN,25,WR,11,5,31,24,77.4%,311,13.0,0,14,35,10.0,2.2,28.3,0,HintKe00
156,Isaiah Likely,BAL,22,TE,13,1,40,24,60.0%,254,10.6,2,13,34,6.4,1.8,19.5,0,LikeIs00
157,Jonnu Smith,NWE,27,TE,13,7,34,24,70.6%,224,9.3,0,9,53,6.6,1.8,17.2,1,SmitJo01
158,David Bell,CLE,22,WR,13,3,31,23,74.2%,196,8.5,0,6,20,6.3,1.8,15.1,0,BellDa02
159,Jahan Dotson,WAS,22,WR,9,7,41,23,56.1%,338,14.7,6,16,61,8.2,2.6,37.6,0,DotsJa00
160,Wan'Dale Robinson,NYG,21,WR,6,3,31,23,74.2%,227,9.9,1,13,19,7.3,3.8,37.8,0,RobiWa01
161,Kenneth Walker III,SEA,22,RB,12,8,31,23,74.2%,148,6.4,0,5,33,4.8,1.9,12.3,0,WalkKe00
162,Ameer Abdullah,LVR,29,RB,14,0,28,22,78.6%,174,7.9,1,6,23,6.2,1.6,12.4,0,AbduAm00
163,Julio Jones,TAM,33,WR,8,3,39,22,56.4%,284,12.9,2,13,48,7.3,2.8,35.5,0,JoneJu02
164,Terrace Marshall Jr.,CAR,22,WR,11,7,38,22,57.9%,397,18.0,1,19,43,10.4,2.0,36.1,0,MarsTe00
165,Scott Miller,TAM,25,WR,12,1,37,22,59.5%,177,8.0,0,8,23,4.8,1.8,14.8,0,MillSc01
166,Hunter Renfrow,LVR,27,WR,7,1,32,22,68.8%,206,9.4,0,11,27,6.4,3.1,29.4,3,RenfHu00
167,Irv Smith Jr.,MIN,24,TE,7,0,33,22,66.7%,168,7.6,2,9,17,5.1,3.1,24.0,1,SmitIr01
168,Nick Westbrook-Ikhine,TEN,25,WR,14,11,43,22,51.2%,370,16.8,3,17,63,8.6,1.6,26.4,0,WestNi00
169,Jamal Agnew,JAX,27,WR,13,0,28,21,75.0%,175,8.3,3,9,24,6.3,1.6,13.5,0,AgneJa00
170,DJ Chark,DET,26,WR,8,7,39,21,53.8%,324,15.4,3,17,48,8.3,2.6,40.5,0,CharDJ00
171,Dontrell Hilliard,TEN,27,RB,12,1,26,21,80.8%,177,8.4,4,8,31,6.8,1.8,14.8,0,HillDo00
172,Deon Jackson,IND,23,RB,13,2,23,21,91.3%,125,6.0,1,6,22,5.4,1.6,9.6,1,JackDe02
173,Latavius Murray,2TM,32,RB,10,4,25,21,84.0%,95,4.5,0,2,14,3.8,2.1,9.5,0,MurrLa00
174,Laviska Shenault Jr.,CAR,24,WR,10,1,25,21,84.0%,198,9.4,1,7,67,7.9,2.1,19.8,0,ShenLa00
175,Jaylen Warren,PIT,24,RB,13,0,24,21,87.5%,178,8.5,0,9,26,7.4,1.6,13.7,1,WarrJa01
176,Cameron Brate,TAM,31,TE,9,1,38,20,52.6%,174,8.7,0,8,21,4.6,2.2,19.3,0,BratCa00
177,Nick Chubb*,CLE,27,RB,14,14,29,20,69.0%,172,8.6,0,8,26,5.9,1.4,12.3,1,ChubNi00
178,Robbie Anderson,2TM,29,WR,14,6,43,19,44.2%,269,14.2,1,9,75,6.3,1.4,19.2,1,AndeRo04
179,A.J. Green,ARI,34,WR,12,8,40,19,47.5%,128,6.7,1,9,18,3.2,1.6,10.7,0,GreeA.00
180,Breece Hall,NYJ,21,RB,7,2,31,19,61.3%,218,11.5,1,8,79,7.0,2.7,31.1,1,HallBr03
181,Raheem Mostert,MIA,30,RB,13,11,29,19,65.5%,146,7.7,1,6,20,5.0,1.5,11.2,0,MostRa00
182,Brandon Powell,LAR,27,WR,14,3,24,19,79.2%,139,7.3,0,6,16,5.8,1.4,9.9,1,PoweBr00
183,Miles Sanders*,PHI,25,RB,14,12,24,19,79.2%,72,3.8,0,2,16,3.0,1.4,5.1,1,SandMi01
184,Ian Thomas,CAR,26,TE,14,14,26,19,73.1%,176,9.3,0,7,50,6.8,1.4,12.6,0,ThomIa00
185,Darren Waller,LVR,30,TE,6,5,27,19,70.4%,223,11.7,2,11,31,8.3,3.2,37.2,0,WallDa01
186,James Cook,BUF,23,RB,14,0,28,18,64.3%,165,9.2,1,5,41,5.9,1.3,11.8,1,CookJa01
187,Kyle Juszczyk*,SFO,31,FB,13,10,22,18,81.8%,174,9.7,1,8,35,7.9,1.4,13.4,0,JuszKy00
188,Skyy Moore,KAN,22,WR,14,3,28,18,64.3%,212,11.8,0,11,30,7.6,1.3,15.1,3,MoorSk01
189,Johnny Mundt,MIN,28,TE,14,10,20,18,90.0%,124,6.9,1,8,17,6.2,1.3,8.9,0,MundJo00
190,Tre'Quan Smith,NOR,26,WR,12,4,26,18,69.2%,272,15.1,1,14,48,10.5,1.5,22.7,0,SmitTr03
191,Equanimeous St. Brown,CHI,26,WR,14,14,34,18,52.9%,300,16.7,1,13,56,8.8,1.3,21.4,1,St.BEq00
192,C.J. Uzomah,NYJ,29,TE,14,12,20,18,90.0%,208,11.6,2,8,40,10.4,1.3,14.9,0,UzomC.00
193,Jelani Woods,IND,24,TE,12,0,27,18,66.7%,241,13.4,3,13,36,8.9,1.5,20.1,1,WoodJe01
194,Mo Alie-Cox,IND,29,TE,14,9,24,17,70.8%,183,10.8,2,8,34,7.6,1.2,13.1,1,AlieMo00
195,Braxton Berrios,NYJ,27,WR,15,2,31,17,54.8%,121,7.1,0,7,25,3.9,1.1,8.1,1,BerrBr00
196,Clyde Edwards-Helaire,KAN,23,RB,10,6,23,17,73.9%,151,8.9,3,11,25,6.6,1.7,15.1,0,EdwaCl00
197,Zach Gentry,PIT,26,TE,14,11,21,17,81.0%,108,6.4,0,5,32,5.1,1.2,7.7,0,GentZa00
198,Darrell Henderson,LAR,25,RB,10,7,22,17,77.3%,102,6.0,0,5,15,4.6,1.7,10.2,0,HendDa00
199,Shi Smith,CAR,24,WR,14,5,34,17,50.0%,209,12.3,1,10,31,6.1,1.2,14.9,3,SmitSh03
200,Tyquan Thornton,NWE,22,WR,10,6,33,17,51.5%,166,9.8,1,10,21,5.0,1.7,16.6,0,ThorTy00
201,Marquez Callaway,NOR,24,WR,12,3,31,16,51.6%,158,9.9,1,11,33,5.1,1.3,13.2,0,CallMa01
202,Ezekiel Elliott,DAL,27,RB,12,11,20,16,80.0%,86,5.4,0,3,31,4.3,1.3,7.2,0,ElliEz00
203,Jake Ferguson,DAL,23,TE,13,7,19,16,84.2%,139,8.7,2,7,30,7.3,1.2,10.7,0,FergJa00
204,Kenneth Gainwell,PHI,23,RB,14,0,22,16,72.7%,104,6.5,0,5,14,4.7,1.1,7.4,0,GainKe00
205,Travis Homer,SEA,24,RB,9,1,18,16,88.9%,157,9.8,1,7,27,8.7,1.8,17.4,1,HomeTr00
206,Mark Ingram,NOR,33,RB,10,3,18,16,88.9%,68,4.3,0,2,11,3.8,1.6,6.8,2,IngrMa01
207,Trey McBride,ARI,23,TE,13,10,22,16,72.7%,129,8.1,0,5,29,5.9,1.2,9.9,1,McBrTr01
208,Michael Thomas,NOR,29,WR,3,3,22,16,72.7%,171,10.7,3,13,21,7.8,5.3,57.0,0,ThomMi05
209,Adam Trautman,NOR,25,TE,12,9,20,16,80.0%,173,10.8,1,7,22,8.7,1.3,14.4,0,TrauAd00
210,Javonte Williams,DEN,22,RB,4,4,22,16,72.7%,76,4.8,0,4,13,3.5,4.0,19.0,1,WillJa10
211,Jeff Wilson,2TM,27,RB,13,7,26,16,61.5%,149,9.3,1,6,16,5.7,1.2,11.5,3,WilsJe01
212,Rashod Bateman,BAL,23,WR,6,5,28,15,53.6%,285,19.0,2,7,75,10.2,2.5,47.5,1,BateRa00
213,Kenyan Drake,BAL,28,RB,11,5,21,15,71.4%,70,4.7,1,6,15,3.3,1.4,6.4,1,DrakKe00
214,Ashton Dulin,IND,25,WR,10,2,22,15,68.2%,207,13.8,1,12,39,9.4,1.5,20.7,0,DuliAs00
215,Alec Ingold,MIA,26,FB,14,12,20,15,75.0%,105,7.0,1,4,17,5.3,1.1,7.5,0,IngoAl01
216,Van Jefferson,LAR,26,WR,8,6,29,15,51.7%,212,14.1,3,13,23,7.3,1.9,26.5,0,JeffVa00
217,Colby Parkinson,SEA,23,TE,14,0,20,15,75.0%,194,12.9,1,9,36,9.7,1.1,13.9,0,ParkCo02
218,Dante Pettis,CHI,27,WR,14,5,29,15,51.7%,215,14.3,2,7,51,7.4,1.1,15.4,1,PettDa00
219,Rashid Shaheed,NOR,24,WR,9,3,19,15,78.9%,334,22.3,2,12,68,17.6,1.7,37.1,1,ShahRa00
220,John Bates,WAS,25,TE,13,6,22,14,63.6%,108,7.7,1,4,20,4.9,1.1,8.3,1,BateJo00
221,Phillip Dorsett,HOU,29,WR,13,4,31,14,45.2%,198,14.1,1,8,34,6.4,1.1,15.2,0,DorsPh00
222,Jamycal Hasty,JAX,26,RB,15,0,19,14,73.7%,103,7.4,1,5,28,5.4,0.9,6.9,0,HastJa02
223,Zach Pascal,PHI,28,WR,14,1,18,14,77.8%,144,10.3,1,9,34,8.0,1.0,10.3,0,PascZa00
224,Brock Wright,DET,24,TE,14,7,18,14,77.8%,192,13.7,2,10,51,10.7,1.0,13.7,0,WrigBr01
225,Damien Harris,NWE,25,RB,9,8,16,13,81.3%,75,5.8,0,4,15,4.7,1.4,8.3,0,HarrDa06
226,Alexander Mattison,MIN,24,RB,14,0,16,13,81.3%,78,6.0,1,4,16,4.9,0.9,5.6,0,MattAl01
227,Ray-Ray McCloud,SFO,26,WR,14,2,22,13,59.1%,201,15.5,1,10,33,9.1,0.9,14.4,2,McClRa00
228,Dare Ogunbowale,HOU,28,RB,14,2,17,13,76.5%,95,7.3,0,4,23,5.6,0.9,6.8,0,OgunDa00
229,Josh Oliver,BAL,25,TE,14,6,20,13,65.0%,143,11.0,2,7,40,7.2,0.9,10.2,0,OlivJo00
230,Sterling Shepard,NYG,29,WR,3,2,24,13,54.2%,154,11.8,1,4,65,6.4,4.3,51.3,0,ShepSt00
231,Tommy Tremble,CAR,22,TE,14,4,26,13,50.0%,121,9.3,2,5,29,4.7,0.9,8.6,1,TremTo00
232,Sammy Watkins,GNB,29,WR,9,3,22,13,59.1%,206,15.8,0,9,55,9.4,1.4,22.9,0,WatkSa00
233,Justin Watson,KAN,26,WR,14,4,26,13,50.0%,221,17.0,2,10,41,8.5,0.9,15.8,0,WatsJu01
234,Tutu Atwell,LAR,23,WR,10,2,25,12,48.0%,247,20.6,1,9,62,9.9,1.2,24.7,0,AtweTu00
235,Matt Breida,NYG,27,RB,14,0,16,12,75.0%,98,8.2,0,4,16,6.1,0.9,7.0,0,BreiMa00
236,Pharaoh Brown,2TM,28,TE,13,7,20,12,60.0%,117,9.8,0,6,30,5.9,0.9,9.0,0,BrowPh01
237,KhaDarel Hodge,ATL,27,WR,14,1,19,12,63.2%,197,16.4,1,7,39,10.4,0.9,14.1,0,HodgKh00
238,Cordarrelle Patterson,ATL,31,RB,10,9,19,12,63.2%,65,5.4,0,3,15,3.4,1.2,6.5,1,PattCo00
239,Eric Saubert,DEN,28,TE,14,5,21,12,57.1%,118,9.8,1,4,25,5.6,0.9,8.4,0,SaubEr00
240,Cedrick Wilson Jr.,MIA,27,WR,13,0,18,12,66.7%,136,11.3,0,8,21,7.6,0.9,10.5,0,WilsCe01
241,Tyler Allgeier,ATL,22,RB,13,6,11,11,100.0%,84,7.6,1,5,25,7.6,0.8,6.5,0,AllgTy00
242,Josiah Deguara,GNB,25,TE,14,1,13,11,84.6%,106,9.6,0,4,25,8.2,0.8,7.6,0,DeguJo00
243,Chase Edmonds,2TM,26,RB,10,2,19,11,57.9%,96,8.7,1,4,15,5.1,1.1,9.6,0,EdmoCh00
244,Peyton Hendershot,DAL,23,TE,14,2,15,11,73.3%,103,9.4,2,8,29,6.9,0.8,7.4,1,HendPe01
245,Justice Hill,BAL,25,RB,12,0,11,11,100.0%,54,4.9,0,2,15,4.9,0.9,4.5,2,HillJu00
246,Chuba Hubbard,CAR,23,RB,12,1,13,11,84.6%,118,10.7,0,4,45,9.1,0.9,9.8,1,HubbCh01
247,Trenton Irwin,CIN,27,WR,7,2,17,11,64.7%,174,15.8,2,8,45,10.2,1.6,24.9,0,IrwiTr00
248,Justin Jackson,DET,26,RB,14,0,17,11,64.7%,90,8.2,1,6,15,5.3,0.8,6.4,0,JackJu01
249,Brevin Jordan,HOU,22,TE,8,2,23,11,47.8%,87,7.9,0,5,20,3.8,1.4,10.9,0,JordBr00
250,Joshua Kelley,LAC,25,RB,10,1,18,11,61.1%,85,7.7,0,4,22,4.7,1.1,8.5,0,KellJo01
251,Zonovan Knight,NYJ,21,RB,5,4,11,11,100.0%,83,7.5,0,4,16,7.5,2.2,16.6,1,KnigZo00
252,Denzel Mims,NYJ,25,WR,8,4,24,11,45.8%,186,16.9,0,7,63,7.8,1.4,23.3,0,MimsDe00
253,Patrick Ricard*,BAL,28,FB,14,13,13,11,84.6%,74,6.7,0,1,19,5.7,0.8,5.3,0,RicaPa00
254,James Robinson,2TM,24,RB,11,5,14,11,78.6%,51,4.6,2,5,10,3.6,1.0,4.6,1,RobiJa00
255,David Sills,NYG,26,WR,9,5,17,11,64.7%,106,9.6,0,7,24,6.2,1.2,11.8,0,SillDa01
256,Jack Stoll,PHI,24,TE,14,10,14,11,78.6%,123,11.2,0,5,26,8.8,0.8,8.8,0,StolJa00
257,Mitchell Wilcox,CIN,26,TE,14,3,12,11,91.7%,104,9.5,1,5,19,8.7,0.8,7.4,0,WilcMi01
258,Michael Bandy,LAC,25,WR,10,2,21,10,47.6%,89,8.9,0,5,25,4.2,1.0,8.9,0,BandMi00
259,Damiere Byrd,ATL,29,WR,11,3,18,10,55.6%,241,24.1,2,8,75,13.4,0.9,21.9,0,ByrdDa00
260,Tanner Hudson,NYG,28,TE,11,0,15,10,66.7%,132,13.2,0,8,27,8.8,0.9,12.0,0,HudsTa00
261,Isiah Pacheco,KAN,22,RB,14,8,10,10,100.0%,80,8.0,0,5,17,8.0,0.7,5.7,4,PachIs00
262,Amari Rodgers,2TM,23,,13,1,17,10,58.8%,133,13.3,1,9,28,7.8,0.8,10.2,5,RodgAm00
263,Steven Sims,PIT,25,WR,9,1,18,10,55.6%,63,6.3,0,4,15,3.5,1.1,7.0,2,SimsSt00
264,Durham Smythe,MIA,27,TE,13,12,13,10,76.9%,73,7.3,1,5,19,5.6,0.8,5.6,0,SmytDu00
265,Avery Williams,ATL,24,RB,14,3,11,10,90.9%,45,4.5,0,2,10,4.1,0.7,3.2,1,WillAv02
266,Dan Arnold,JAX,27,TE,15,0,12,9,75.0%,135,15.0,0,5,26,11.3,0.6,9.0,0,ArnoDa00
267,Brandon Bolden,LVR,32,RB,13,0,9,9,100.0%,57,6.3,1,2,18,6.3,0.7,4.4,0,BoldBr00
268,Mike Boone,DEN,27,RB,9,0,15,9,60.0%,96,10.7,0,2,34,6.4,1.0,10.7,0,BoonMi00
269,Keelan Cole,LVR,29,WR,11,3,18,9,50.0%,136,15.1,1,8,30,7.6,0.8,12.4,1,ColeKe00
270,Jody Fortson,KAN,27,TE,13,1,13,9,69.2%,108,12.0,2,6,40,8.3,0.7,8.3,1,FortJo01
271,Connor Heyward,PIT,23,TE,14,0,10,9,90.0%,106,11.8,1,4,45,10.6,0.6,7.6,0,HeywCo00
272,O.J. Howard,HOU,28,TE,12,9,21,9,42.9%,119,13.2,2,5,24,5.7,0.8,9.9,0,HowaO.00
273,Ty Johnson,NYJ,25,RB,15,0,16,9,56.3%,64,7.1,0,1,16,4.0,0.6,4.3,0,JohnTy02
274,Tre' McKitty,LAC,23,TE,14,6,15,9,60.0%,62,6.9,0,0,12,4.1,0.6,4.4,1,McKiTr00
275,Sony Michel,LAC,27,RB,10,0,13,9,69.2%,53,5.9,0,1,9,4.1,0.9,5.3,0,MichSo00
276,MyCole Pruitt,ATL,30,TE,10,4,11,9,81.8%,67,7.4,3,6,17,6.1,0.9,6.7,0,PruiMy00
277,Craig Reynolds,DET,26,RB,8,0,10,9,90.0%,116,12.9,0,5,36,11.6,1.1,14.5,0,ReynCr00
278,Brian Robinson Jr.,WAS,23,RB,10,8,10,9,90.0%,60,6.7,1,3,18,6.0,0.9,6.0,2,RobiBr01
279,Geoff Swaim,TEN,29,TE,14,11,13,9,69.2%,50,5.6,1,3,13,3.8,0.6,3.6,0,SwaiGe00
280,Kadarius Toney,2TM,23,WR,6,2,12,9,75.0%,74,8.2,1,4,23,6.2,1.5,12.3,0,ToneKa00
281,Jamaal Williams,DET,27,RB,14,7,13,9,69.2%,57,6.3,0,3,17,4.4,0.6,4.1,3,WillJa06
282,Raheem Blackshear,CAR,23,RB,10,1,10,8,80.0%,82,10.3,0,2,27,8.2,0.8,8.2,1,BlacRa00
283,River Cracraft,MIA,28,WR,9,0,13,8,61.5%,97,12.1,2,8,22,7.5,0.9,10.8,0,CracRi00
284,Tom Kennedy,DET,26,WR,7,1,15,8,53.3%,141,17.6,0,7,44,9.4,1.1,20.1,0,KennTo01
285,Marlon Mack,2TM,26,,6,0,9,8,88.9%,99,12.4,1,2,66,11.0,1.3,16.5,0,MackMa00
286,Quintin Morris,BUF,23,TE,12,1,11,8,72.7%,84,10.5,1,6,26,7.6,0.7,7.0,1,MorrQu00
287,Breshad Perriman,TAM,29,WR,10,3,17,8,47.1%,101,12.6,1,4,28,5.9,0.8,10.1,2,PerrBr02
288,Kyle Philips,TEN,23,WR,4,0,13,8,61.5%,78,9.8,0,3,21,6.0,2.0,19.5,2,PhilKy01
289,James Proche,BAL,26,WR,12,0,14,8,57.1%,62,7.8,0,3,12,4.4,0.7,5.2,0,ProcJa00
290,Khalil Shakir,BUF,22,WR,12,2,17,8,47.1%,128,16.0,1,6,31,7.5,0.7,10.7,0,ShakKh00
291,Jeff Smith,NYJ,25,WR,11,0,11,8,72.7%,134,16.8,0,5,50,12.2,0.7,12.2,0,SmitJe03
292,Eric Tomlinson,DEN,30,TE,14,10,12,8,66.7%,76,9.5,1,4,18,6.3,0.6,5.4,0,TomlEr01
293,Kyren Williams,LAR,22,RB,7,0,11,8,72.7%,73,9.1,0,5,15,6.6,1.1,10.4,0,WillKy02
294,Cam Akers,LAR,23,RB,12,6,11,7,63.6%,54,7.7,0,4,18,4.9,0.6,4.5,2,AkerCa00
295,DeeJay Dallas,SEA,24,RB,12,0,8,7,87.5%,42,6.0,0,2,10,5.3,0.6,3.5,1,DallDe00
296,J.K. Dobbins,BAL,24,RB,6,6,7,7,100.0%,42,6.0,1,3,20,6.0,1.2,7.0,0,DobbJK00
297,D'Wayne Eskridge,SEA,25,WR,10,0,13,7,53.8%,58,8.3,0,4,16,4.5,0.7,5.8,0,EskrDW00
298,Reggie Gilliam,BUF,25,FB,13,3,9,7,77.8%,57,8.1,1,3,14,6.3,0.5,4.4,0,GillRe00
299,KJ Hamler,DEN,23,WR,7,0,14,7,50.0%,165,23.6,0,3,55,11.8,1.0,23.6,0,HamlKJ00
300,Parker Hesse,ATL,27,TE,14,4,9,7,77.8%,75,10.7,0,5,22,8.3,0.5,5.4,0,HessPa00
301,Taysom Hill,NOR,32,TE,13,8,11,7,63.6%,66,9.4,2,4,30,6.0,0.5,5.1,2,HillTa00
302,DeSean Jackson,BAL,36,WR,5,1,13,7,53.8%,134,19.1,0,4,62,10.3,1.4,26.8,0,JackDe00
303,Ko Kieft,TAM,24,TE,14,10,9,7,77.8%,80,11.4,1,5,19,8.9,0.5,5.7,0,KiefKo00
304,James Mitchell,DET,23,TE,11,0,7,7,100.0%,60,8.6,1,5,22,8.6,0.6,5.5,0,MitcJa00
305,Zack Moss,2TM,25,RB,10,0,9,7,77.8%,27,3.9,0,1,8,3.0,0.7,2.7,1,MossZa00
306,Chris Myarick,NYG,27,FB,14,8,8,7,87.5%,65,9.3,1,5,23,8.1,0.5,4.6,0,MyarCh00
307,Albert Okwuegbunam,DEN,24,TE,6,0,11,7,63.6%,50,7.1,0,2,12,4.5,1.2,8.3,0,OkwuAl00
308,Byron Pringle,CHI,29,WR,8,1,9,7,77.8%,96,13.7,2,6,35,10.7,0.9,12.0,0,PrinBy00
309,Giovanni Ricci,CAR,26,TE,12,3,8,7,87.5%,68,9.7,0,2,16,8.5,0.6,5.7,0,RiccGi00
310,Cam Sims,WAS,26,WR,14,3,16,7,43.8%,73,10.4,0,4,21,4.6,0.5,5.2,0,SimsCa00
311,Jamison Crowder,BUF,29,WR,4,0,13,6,46.2%,60,10.0,0,4,16,4.6,1.5,15.0,1,CrowJa00
312,Anthony Firkser,ATL,27,TE,8,1,9,6,66.7%,79,13.2,0,4,22,8.8,0.8,9.9,0,FirkAn00
313,Khalil Herbert,CHI,24,RB,10,1,7,6,85.7%,62,10.3,1,2,25,8.9,0.6,6.2,0,HerbKh00
314,Brandon Johnson,DEN,24,WR,5,1,14,6,42.9%,42,7.0,1,2,12,3.0,1.2,8.4,0,JohnBr23
315,Marcus Johnson,NYG,28,WR,11,4,16,6,37.5%,63,10.5,0,3,18,3.9,0.5,5.7,0,JohnMa07
316,Phillip Lindsay,IND,28,RB,3,0,8,6,75.0%,19,3.2,0,0,7,2.4,2.0,6.3,0,LindPh00
317,Chris Manhertz,JAX,30,TE,15,10,8,6,75.0%,42,7.0,0,2,21,5.3,0.4,2.8,0,ManhCh00
318,Dax Milne,WAS,23,WR,12,1,7,6,85.7%,37,6.2,1,2,12,5.3,0.5,3.1,0,MilnDa00
319,Donald Parham,LAC,25,TE,3,0,7,6,85.7%,88,14.7,0,3,24,12.6,2.0,29.3,0,ParhDo00
320,Jalen Reagor,MIN,23,WR,14,0,11,6,54.5%,87,14.5,1,4,38,7.9,0.4,6.2,3,ReagJa00
321,Trent Taylor,CIN,28,WR,14,1,10,6,60.0%,62,10.3,0,1,34,6.2,0.4,4.4,2,TaylTr02
322,Andre Baccellia,ARI,25,WR,6,0,7,5,71.4%,32,6.4,0,3,11,4.6,0.8,5.3,0,BaccAn00
323,Cole Beasley,2TM,33,,3,1,6,5,83.3%,26,5.2,0,1,9,4.3,1.7,8.7,0,BeasCo00
324,Dyami Brown,WAS,23,WR,12,0,14,5,35.7%,143,28.6,2,5,75,10.2,0.4,11.9,0,BrowDy00
325,Lawrence Cager,2TM,25,TE,6,3,9,5,55.6%,49,9.8,1,3,20,5.4,0.8,8.2,0,CageLa01
326,Grant Calcaterra,PHI,24,TE,12,2,9,5,55.6%,81,16.2,0,3,40,9.0,0.4,6.8,0,CalcGr00
327,D'Onta Foreman,CAR,26,RB,14,7,9,5,55.6%,26,5.2,0,1,23,2.9,0.4,1.9,1,ForeDO00
328,C.J. Ham,MIN,29,FB,14,3,7,5,71.4%,34,6.8,0,3,12,4.9,0.4,2.4,0,HamxC.00
329,N'Keal Harry,CHI,25,WR,4,0,6,5,83.3%,93,18.6,1,3,49,15.5,1.3,23.3,0,HarrNK00
330,Hassan Haskins,TEN,23,RB,12,0,5,5,100.0%,14,2.8,0,0,9,2.8,0.4,1.2,0,HaskHa00
331,Zander Horvath,LAC,24,FB,14,2,8,5,62.5%,8,1.6,2,2,5,1.0,0.4,0.6,0,HorvZa00
332,Tony Jones,2TM,25,RB,6,0,8,5,62.5%,30,6.0,0,0,9,3.8,0.8,5.0,0,JoneTo04
333,Gunner Olszewski,PIT,26,WR,13,2,7,5,71.4%,53,10.6,0,1,31,7.6,0.4,4.1,2,OlszGu00
334,Ronnie Rivers,LAR,23,RB,6,1,5,5,100.0%,29,5.8,0,1,14,5.8,0.8,4.8,0,RiveRo01
335,Armani Rogers,WAS,25,TE,10,3,6,5,83.3%,64,12.8,0,4,23,10.7,0.5,6.4,0,RogeAr00
336,Boston Scott,PHI,27,RB,12,2,5,5,100.0%,15,3.0,0,0,5,3.0,0.4,1.3,0,ScotBo02
337,Pierre Strong,NWE,24,RB,12,0,5,5,100.0%,32,6.4,0,3,16,6.4,0.4,2.7,0,StroPi00
338,Samori Toure,GNB,24,WR,8,2,10,5,50.0%,82,16.4,1,2,37,8.2,0.6,10.3,1,TourSa00
339,Derek Watt,PIT,30,FB,14,3,5,5,100.0%,11,2.2,1,1,5,2.2,0.4,0.8,0,WattDe00
340,Shane Zylstra,DET,26,TE,10,1,6,5,83.3%,27,5.4,1,2,14,4.5,0.5,2.7,0,ZylsSh00
341,Gary Brightwell,NYG,23,RB,14,0,5,4,80.0%,36,9.0,0,4,12,7.2,0.3,2.6,0,BrigGa00
342,Malcolm Brown,LAR,29,RB,8,0,5,4,80.0%,35,8.8,0,2,13,7.0,0.5,4.4,0,BrowMa03
343,Chris Conley,2TM,30,WR,6,0,7,4,57.1%,46,11.5,0,2,27,6.6,0.7,7.7,0,ConlCh00
344,Malik Davis,DAL,24,RB,9,0,5,4,80.0%,40,10.0,0,3,14,8.0,0.4,4.4,0,DaviMa02
345,Tyler Davis,GNB,25,TE,14,1,7,4,57.1%,26,6.5,0,1,23,3.7,0.3,1.9,0,DaviTy02
346,Myles Gaskin,MIA,25,RB,4,0,6,4,66.7%,28,7.0,0,0,16,4.7,1.0,7.0,0,GaskMy00
347,Kenny Golladay,NYG,29,WR,9,3,10,4,40.0%,51,12.8,0,2,15,5.1,0.4,5.7,0,GollKe00
348,Jakob Johnson,LVR,28,FB,14,7,5,4,80.0%,7,1.8,0,0,5,1.4,0.3,0.5,0,JohnJa12
349,Velus Jones Jr.,CHI,25,WR,9,1,7,4,57.1%,27,6.8,1,2,10,3.9,0.4,3.0,3,JoneVe00
350,Tyler Kroft,SFO,30,TE,8,3,5,4,80.0%,57,14.3,0,2,28,11.4,0.5,7.1,0,KrofTy00
351,Jake Kumerow,BUF,30,WR,6,1,7,4,57.1%,64,16.0,0,4,39,9.1,0.7,10.7,0,KumeJa00
352,Marcedes Lewis,GNB,38,TE,14,14,5,4,80.0%,34,8.5,1,3,19,6.8,0.3,2.4,0,LewiMa00
353,Rashaad Penny,SEA,26,RB,5,5,5,4,80.0%,16,4.0,0,2,6,3.2,0.8,3.2,1,PennRa00
354,Teagan Quitoriano,HOU,22,TE,7,5,9,4,44.4%,30,7.5,2,2,13,3.3,0.6,4.3,0,QuitTe00
355,Anthony Schwartz,CLE,22,WR,11,1,10,4,40.0%,51,12.8,0,2,19,5.1,0.4,4.6,1,SchwAn00
356,Stone Smartt,LAC,24,TE,4,1,5,4,80.0%,17,4.3,0,1,8,3.4,1.0,4.3,0,SmarSt00
357,Nick Vannett,2TM,29,,6,1,5,4,80.0%,37,9.3,0,1,15,7.4,0.7,6.2,0,VannNi00
358,Montrell Washington,DEN,23,WR,14,1,9,4,44.4%,2,0.5,0,0,4,0.2,0.3,0.1,5,WashMo00
359,Jordan Wilkins,IND,28,RB,2,0,5,4,80.0%,15,3.8,0,0,9,3.0,2.0,7.5,0,WilkJo01
360,Darrel Williams,ARI,27,RB,6,0,8,4,50.0%,9,2.3,0,0,6,1.1,0.7,1.5,0,WillDa10
361,Stephen Anderson,ARI,29,TE,14,0,5,3,60.0%,9,3.0,0,0,6,1.8,0.2,0.6,0,AndeSt01
362,Andrew Beck,DEN,26,FB,10,4,7,3,42.9%,59,19.7,0,2,27,8.4,0.3,5.9,0,BeckAn01
363,Tevin Coleman,SFO,29,RB,5,0,3,3,100.0%,44,14.7,1,2,30,14.7,0.6,8.8,0,ColeTe01
364,Ross Dwelley,SFO,27,TE,12,0,5,3,60.0%,105,35.0,1,3,56,21.0,0.3,8.8,0,DwelRo00
365,Bryan Edwards,ATL,24,WR,7,1,5,3,60.0%,15,5.0,0,0,10,3.0,0.4,2.1,0,EdwaBr01
366,Ben Ellefson,MIN,26,TE,4,1,3,3,100.0%,26,8.7,0,2,12,8.7,0.8,6.5,0,ElleBe00
367,Chris Evans,CIN,25,RB,12,0,4,3,75.0%,38,12.7,1,2,26,9.5,0.3,3.2,0,EvanCh02
368,Luke Farrell,JAX,25,TE,15,0,3,3,100.0%,29,9.7,0,2,15,9.7,0.2,1.9,0,FarrLu00
369,Simi Fehoko,DAL,25,WR,5,0,4,3,75.0%,24,8.0,0,1,12,6.0,0.6,4.8,0,FehoSi00
370,Ryan Griffin,CHI,32,TE,12,0,6,3,50.0%,24,8.0,0,1,18,4.0,0.3,2.0,0,GrifRy00
371,Troy Hairston,HOU,24,FB,13,4,5,3,60.0%,12,4.0,0,0,5,2.4,0.2,0.9,0,HairTr00
372,Cody Hollister,TEN,29,WR,11,3,5,3,60.0%,54,18.0,0,2,27,10.8,0.3,4.9,0,HollCo00
373,Brycen Hopkins,LAR,25,TE,11,0,6,3,50.0%,31,10.3,0,1,12,5.2,0.3,2.8,0,HopkBr01
374,Jesper Horsted,LVR,25,TE,12,0,4,3,75.0%,19,6.3,0,0,9,4.8,0.3,1.6,0,HorsJe00
375,D'Ernest Johnson,CLE,26,RB,12,0,3,3,100.0%,7,2.3,0,0,7,2.3,0.3,0.6,0,JohnDE04
376,Marcus Jones,NWE,24,DB,13,2,3,3,100.0%,63,21.0,1,2,48,21.0,0.2,4.8,0,JoneMa06
377,Tim Jones,JAX,24,WR,15,1,4,3,75.0%,30,10.0,0,1,20,7.5,0.2,2.0,0,JoneTi00
378,Elijah Mitchell,SFO,24,RB,4,1,4,3,75.0%,7,2.3,0,0,5,1.8,0.8,1.8,0,MitcEl00
379,Ty Montgomery,NWE,29,WR,1,0,4,3,75.0%,15,5.0,1,1,7,3.8,3.0,15.0,0,MontTy01
380,Isaiah Spiller,LAC,21,RB,6,0,3,3,100.0%,13,4.3,0,0,8,4.3,0.5,2.2,0,SpilIs00
381,Mike Strachan,IND,25,WR,10,0,8,3,37.5%,59,19.7,0,3,23,7.4,0.3,5.9,0,StraMi03
382,Tylan Wallace,BAL,23,WR,8,0,6,3,50.0%,21,7.0,0,0,9,3.5,0.4,2.6,0,WallTy00
383,Maxx Williams,ARI,28,TE,8,0,3,3,100.0%,18,6.0,0,0,7,6.0,0.4,2.3,0,WillMa04
384,Michael Woods II,CLE,22,WR,7,0,8,3,37.5%,25,8.3,0,2,15,3.1,0.4,3.6,0,WoodMi00
385,Daylen Baldwin,CLE,23,WR,1,0,2,2,100.0%,25,12.5,0,2,15,12.5,2.0,25.0,0,BaldDa01
386,Kendall Blanton,LAR,27,TE,4,0,2,2,100.0%,35,17.5,0,1,28,17.5,0.5,8.8,0,BlanKe01
387,Miles Boykin,PIT,26,WR,13,0,3,2,66.7%,11,5.5,0,1,11,3.7,0.2,0.8,0,BoykMi00
388,Spencer Brown,CAR,24,RB,2,0,4,2,50.0%,10,5.0,0,0,9,2.5,1.0,5.0,0,BrowSp01
389,Michael Burton,KAN,30,FB,14,0,3,2,66.7%,11,5.5,0,0,9,3.7,0.1,0.8,0,BurtMi00
390,Quintez Cephus,DET,24,WR,4,1,3,2,66.7%,15,7.5,0,1,9,5.0,0.5,3.8,0,CephQu00
391,Julius Chestnut,TEN,22,RB,3,0,2,2,100.0%,8,4.0,0,0,4,4.0,0.7,2.7,0,ChesJu00
392,Corey Clement,ARI,28,RB,6,0,2,2,100.0%,29,14.5,0,2,21,14.5,0.3,4.8,0,ClemCo00
393,Tyrie Cleveland,DEN,25,WR,6,0,7,2,28.6%,28,14.0,0,1,16,4.0,0.3,4.7,0,ClevTy00
394,Jaelon Darden,TAM,23,WR,12,0,2,2,100.0%,26,13.0,0,1,25,13.0,0.2,2.2,0,DardJa00
395,Mike Davis,BAL,29,RB,8,0,2,2,100.0%,4,2.0,0,0,7,2.0,0.3,0.5,1,DaviMi01
396,Trestan Ebner,CHI,23,RB,14,0,6,2,33.3%,8,4.0,0,0,6,1.3,0.1,0.6,2,EbneTr00
397,Demetric Felton,CLE,24,RB,8,2,4,2,50.0%,8,4.0,0,0,5,2.0,0.3,1.0,1,FeltDe00
398,Jalen Guyton,LAC,25,WR,3,0,4,2,50.0%,64,32.0,0,2,54,16.0,0.7,21.3,0,GuytJa01
399,Penny Hart,SEA,26,WR,8,0,2,2,100.0%,18,9.0,0,1,15,9.0,0.3,2.3,0,HartPe01
400,Deonte Harty,NOR,25,WR,4,0,2,2,100.0%,13,6.5,0,0,9,6.5,0.5,3.3,1,HarrDe07
401,Justin Herbert,LAC,24,QB,14,14,2,2,100.0%,-10,-5.0,0,0,-2,-5.0,0.1,-0.7,6,HerbJu00
402,Dennis Houston,DAL,23,WR,2,0,6,2,33.3%,16,8.0,0,0,11,2.7,1.0,8.0,0,HousDe01
403,Lil'Jordan Humphrey,NWE,24,WR,6,2,4,2,50.0%,20,10.0,0,0,11,5.0,0.3,3.3,0,HumpLi01
404,Caleb Huntley,ATL,24,RB,12,0,2,2,100.0%,3,1.5,0,0,2,1.5,0.2,0.3,1,HuntCa02
405,Keaontay Ingram,ARI,23,RB,9,0,2,2,100.0%,23,11.5,0,1,24,11.5,0.2,2.6,0,IngrKe01
406,Andy Isabella,ARI,26,WR,3,0,5,2,40.0%,21,10.5,0,2,11,4.2,0.7,7.0,0,IsabAn00
407,Keith Kirkwood,NOR,28,WR,2,1,2,2,100.0%,18,9.0,0,1,14,9.0,1.0,9.0,0,KirkKe00
408,Anthony McFarland Jr.,PIT,23,RB,1,0,2,2,100.0%,11,5.5,0,1,12,5.5,2.0,11.0,0,McFaAn00
409,Sean McKeon,DAL,25,TE,10,0,3,2,66.7%,11,5.5,0,1,10,3.7,0.2,1.1,0,McKeSe01
410,Jalen Nailor,MIN,23,WR,12,0,5,2,40.0%,28,14.0,0,2,15,5.6,0.2,2.3,0,NailJa00
411,Dezmon Patmon,IND,24,WR,1,0,6,2,33.3%,24,12.0,0,1,17,4.0,2.0,24.0,0,PatmDe00
412,Adam Prentice,NOR,25,FB,8,1,2,2,100.0%,5,2.5,0,1,3,2.5,0.3,0.6,1,PrenAd00
413,Kyle Rudolph,TAM,33,TE,6,0,4,2,50.0%,20,10.0,0,1,12,5.0,0.3,3.3,0,RudoKy00
414,Drew Sample,CIN,26,TE,2,2,2,2,100.0%,-2,-1.0,0,0,2,-1.0,1.0,-1.0,0,SampDr00
415,Braylon Sanders,MIA,23,WR,2,0,3,2,66.7%,17,8.5,0,0,13,5.7,1.0,8.5,1,SandBr00
416,Mason Schreck,HOU,29,TE,3,1,2,2,100.0%,6,3.0,0,0,6,3.0,0.7,2.0,0,SchrMa00
417,Benny Snell Jr.,PIT,24,RB,14,0,2,2,100.0%,17,8.5,0,1,11,8.5,0.1,1.2,0,SnelBe00
418,Stephen Sullivan,CAR,26,TE,11,0,4,2,50.0%,46,23.0,0,2,33,11.5,0.2,4.2,0,SullSt00
419,Mike Thomas,CIN,28,WR,10,2,10,2,20.0%,38,19.0,0,1,33,3.8,0.2,3.8,0,ThomMi04
420,Jalen Tolbert,DAL,23,WR,8,1,3,2,66.7%,12,6.0,0,0,8,4.0,0.3,1.5,0,TolbJa00
421,Austin Trammell,LAR,24,WR,3,0,4,2,50.0%,13,6.5,0,1,8,3.3,0.7,4.3,0,TramAu00
422,Cole Turner,WAS,22,TE,7,2,9,2,22.2%,23,11.5,0,1,18,2.6,0.3,3.3,0,TurnCo00
423,Jalen Virgil,DEN,24,WR,6,1,4,2,50.0%,75,37.5,1,2,66,18.8,0.3,12.5,1,VirgJa00
424,Nsimba Webster,CHI,26,WR,1,0,3,2,66.7%,14,7.0,0,1,8,4.7,2.0,14.0,1,WebsNs00
425,Trevon Wesco,CHI,27,TE,12,1,4,2,50.0%,26,13.0,0,1,23,6.5,0.2,2.2,0,WescTr00
426,Kevin White,NOR,30,WR,7,2,5,2,40.0%,74,37.0,0,2,64,14.8,0.3,10.6,0,WhitKe00
427,Trayveon Williams,CIN,25,RB,6,0,3,2,66.7%,30,15.0,0,1,24,10.0,0.3,5.0,0,WillTr06
428,Maurice Alexander,DET,25,WR,7,0,1,1,100.0%,7,7.0,0,0,7,7.0,0.1,1.0,0,AlexMa02
429,C.J. Board,TEN,29,WR,4,0,1,1,100.0%,6,6.0,0,0,6,6.0,0.3,1.5,1,BoarC.00
430,Jalen Camp,HOU,24,WR,2,0,1,1,100.0%,7,7.0,0,1,7,7.0,0.5,3.5,0,CampJa03
431,Keke Coutee,IND,25,WR,6,0,1,1,100.0%,20,20.0,0,0,20,20.0,0.2,3.3,3,CoutKe00
432,Darrynton Evans,CHI,24,RB,5,0,1,1,100.0%,33,33.0,0,1,33,33.0,0.2,6.6,0,EvanDa02
433,Royce Freeman,HOU,26,RB,1,0,1,1,100.0%,5,5.0,0,0,5,5.0,1.0,5.0,0,FreeRo00
434,Jake Gervase,LAR,27,LB,14,0,1,1,100.0%,12,12.0,0,1,12,12.0,0.1,0.9,0,GervJa00
435,Jared Goff,DET,28,QB,14,14,1,1,100.0%,5,5.0,0,0,5,5.0,0.1,0.4,5,GoffJa00
436,Danny Gray,SFO,23,WR,10,0,7,1,14.3%,10,10.0,0,1,10,1.4,0.1,1.0,0,GrayDa02
437,Jacob Harris,LAR,25,WR,7,0,1,1,100.0%,6,6.0,0,1,6,6.0,0.1,0.9,0,HarrJa03
438,David Johnson,NOR,31,RB,2,0,1,1,100.0%,11,11.0,0,1,11,11.0,0.5,5.5,1,JohnDa08
439,Tyron Johnson,2TM,26,WR,4,1,1,1,100.0%,8,8.0,0,0,8,8.0,0.3,2.0,0,JohnTy03
440,Ronald Jones II,KAN,25,RB,3,0,1,1,100.0%,22,22.0,0,1,22,22.0,0.3,7.3,0,JoneRo01
441,Mason Kinsey,TEN,24,WR,2,0,1,1,100.0%,3,3.0,0,0,3,3.0,0.5,1.5,1,KinsMa00
442,Racey McMath,TEN,23,WR,2,0,6,1,16.7%,1,1.0,0,0,1,0.2,0.5,0.5,0,McMaRa00
443,Jason Moore,LAC,27,WR,6,0,2,1,50.0%,5,5.0,0,0,5,2.5,0.2,0.8,0,MoorJa02
444,Kene Nwangwu,MIN,24,RB,14,0,1,1,100.0%,5,5.0,0,0,5,5.0,0.1,0.4,0,NwanKe00
445,Devine Ozigbo,DEN,26,RB,4,0,1,1,100.0%,3,3.0,0,0,3,3.0,0.3,0.8,0,OzigDe01
446,Richard Rodgers,LAC,30,TE,10,1,4,1,25.0%,4,4.0,0,0,4,1.0,0.1,0.4,0,RodgRi00
447,Penei Sewell,DET,22,T,14,14,1,1,100.0%,9,9.0,0,1,9,9.0,0.1,0.6,0,SewePe00
448,Keith Smith,ATL,30,FB,14,4,2,1,50.0%,8,8.0,0,0,8,4.0,0.1,0.6,0,SmitKe03
449,Ihmir Smith-Marsette,2TM,23,,7,0,4,1,25.0%,15,15.0,0,0,15,3.8,0.1,2.1,1,SmitIh00
450,Freddie Swain,2TM,24,,2,1,1,1,100.0%,9,9.0,0,1,9,9.0,0.5,4.5,0,SwaiFr00
451,Tommy Sweeney,BUF,27,TE,5,0,1,1,100.0%,7,7.0,0,1,7,7.0,0.2,1.4,0,SweeTo00
452,J.J. Taylor,NWE,24,RB,1,0,1,1,100.0%,8,8.0,0,0,8,8.0,1.0,8.0,0,TaylJJ01
453,Deven Thompkins,TAM,23,WR,2,0,1,1,100.0%,7,7.0,0,0,7,7.0,0.5,3.5,1,ThomDe07
454,Laquon Treadwell,SEA,27,WR,3,0,1,1,100.0%,1,1.0,0,0,1,1.0,0.3,0.3,0,TreaLa00
455,KaVontae Turpin*,DAL,26,WR,14,0,2,1,50.0%,9,9.0,0,0,9,4.5,0.1,0.6,2,TurpKa00
456,Ke'Shawn Vaughn,TAM,25,RB,12,0,2,1,50.0%,11,11.0,0,1,11,5.5,0.1,0.9,0,VaugKe00
457,Dwayne Washington,NOR,28,RB,12,0,1,1,100.0%,7,7.0,0,0,7,7.0,0.1,0.6,0,WashDw00
458,Cody White,PIT,24,WR,1,1,1,1,100.0%,2,2.0,0,0,2,2.0,1.0,2.0,0,WhitCo05
459,Jameson Williams,DET,21,WR,3,0,4,1,25.0%,41,41.0,1,1,41,10.3,0.3,13.7,0,WillJa11
460,Russell Wilson,DEN,34,QB,12,12,1,1,100.0%,1,1.0,0,0,1,1.0,0.1,0.1,5,WilsRu00
461,Zach Wilson,NYJ,23,QB,9,9,1,1,100.0%,2,2.0,1,1,2,2.0,0.1,0.2,1,WilsZa00
462,Juwann Winfree,GNB,26,WR,3,0,4,1,25.0%,17,17.0,0,1,17,4.3,0.3,5.7,0,WinfJu00
463,Bailey Zappe,NWE,23,QB,4,2,1,1,100.0%,-6,-6.0,0,0,-6,-6.0,0.3,-1.5,4,ZappBa00
464,Devin Asiasi,CIN,25,TE,11,0,2,0,0.0%,0,,0,0,0,0.0,0.0,0.0,0,AsiaDe00
465,David Bakhtiari,GNB,31,T,9,9,1,0,0.0%,0,,0,0,0,0.0,0.0,0.0,0,BakhDa00
466,Khari Blasingame,CHI,26,FB,13,5,1,0,0.0%,0,,0,0,0,0.0,0.0,0.0,0,BlasKh00
467,Tom Brady,TAM,45,QB,14,14,1,0,0.0%,0,,0,0,0,0.0,0.0,0.0,5,BradTo00
468,John Brown,BUF,32,WR,2,0,1,0,0.0%,0,,0,0,0,0.0,0.0,0.0,0,BrowJo02
469,Jason Cabinda,DET,26,FB,6,2,3,0,0.0%,0,,0,0,0,0.0,0.0,0.0,0,CabiJa00
470,Tanner Conner,MIA,24,TE,13,0,3,0,0.0%,0,,0,0,0,0.0,0.0,0.0,0,ConnTa00
471,Tyrion Davis-Price,SFO,22,RB,3,0,2,0,0.0%,0,,0,0,0,0.0,0.0,0.0,0,DaviTy03
472,Gus Edwards,BAL,27,RB,6,3,2,0,0.0%,0,,0,0,0,0.0,0.0,0.0,1,EdwaGu00
473,Miller Forristall,CLE,24,TE,4,0,1,0,0.0%,0,,0,0,0,0.0,0.0,0.0,0,ForrMi00
474,Feleipe Franks,ATL,25,TE,10,1,2,0,0.0%,0,,0,0,0,0.0,0.0,0.0,0,FranFe00
475,Tanner Gentry,BUF,28,WR,3,0,1,0,0.0%,0,,0,0,0,0.0,0.0,0.0,0,GentTa00
476,Josh Gordon,TEN,31,WR,2,0,1,0,0.0%,0,,0,0,0,0.0,0.0,0.0,0,GordJo02
477,Lance McCutcheon,LAR,23,WR,7,1,4,0,0.0%,0,,0,0,0,0.0,0.0,0.0,0,McCuLa01
478,Stanley Morgan Jr.,CIN,26,WR,12,0,1,0,0.0%,0,,0,0,0,0.0,0.0,0.0,0,MorgSt02
479,Jeremy Ruckert,NYJ,22,TE,8,0,1,0,0.0%,0,,0,0,0,0.0,0.0,0.0,0,RuckJe00
480,Noah Togiai,PHI,25,TE,2,0,1,0,0.0%,0,,0,0,0,0.0,0.0,0.0,0,TogiNo00
481,Jake Tonges,CHI,23,TE,4,0,1,0,0.0%,0,,0,0,0,0.0,0.0,0.0,0,TongJa00
482,DJ Turner,LVR,25,WR,9,0,1,0,0.0%,0,,0,0,0,0.0,0.0,0.0,1,TurnDJ00
483,James Washington,DAL,26,WR,2,0,1,0,0.0%,0,,0,0,0,0.0,0.0,0.0,0,WashJa00
484,Charlie Woerner,SFO,25,TE,14,2,2,0,0.0%,0,,0,0,0,0.0,0.0,0.0,0,WoerCh00